{
  "cacheBootResources": true,
  "config": [ ],
  "debugBuild": false,
  "entryAssembly": "Seminole",
  "icuDataMode": 0,
  "linkerEnabled": true,
  "resources": {
    "assembly": {
      "Microsoft.AspNetCore.Components.dll": "sha256-66EmQVcdDfpMaaHDkk6Y1bX\/N5F33DLK9yJB9eiNmKM=",
      "Microsoft.AspNetCore.Components.Web.dll": "sha256-ITY9jR0xQAi62\/J+AwHwvd1cxeNWcmoOcAnkYqaH6HA=",
      "Microsoft.AspNetCore.Components.WebAssembly.dll": "sha256-jj0gEWGz0IP5DtImmDS2JCnL7nDJvw39GXaOgt9q2BU=",
      "Microsoft.Extensions.Configuration.Abstractions.dll": "sha256-X\/f4fDl2cuIRXeWHhK\/f2UqQbFioD+RU4a4CEh0zrrQ=",
      "Microsoft.Extensions.Configuration.dll": "sha256-DBOKSPriP2JDxVbbWrLXyD3K4\/x3RBifNBWk\/q1I39M=",
      "Microsoft.Extensions.Configuration.Json.dll": "sha256-nTqLKuydttqLtE3VT3p6XhPmLxuaJDd0cL3Qzt8D4Ro=",
      "Microsoft.Extensions.DependencyInjection.Abstractions.dll": "sha256-tkdkrAT4n35\/Yaa5YMYJpqdzzpHol9Ox3jP0FAYcFPE=",
      "Microsoft.Extensions.DependencyInjection.dll": "sha256-qi0kE7rp0kdsNqdL6DyPZEeimjUGvcLT4iWQX0YnRus=",
      "Microsoft.Extensions.Logging.Abstractions.dll": "sha256-x+N2sgSEct\/XXqose+TJ\/\/8DQXHbcSLTTD03Y22EXT8=",
      "Microsoft.Extensions.Logging.dll": "sha256-oEPPw1EPpaOHv+EHwoT2WcgDiRbjEXxigiW7V44cIYE=",
      "Microsoft.Extensions.Options.dll": "sha256-0fhMx2H0cf76DtazR5+OlRbIi1+vI3PjUYGaW5uG30c=",
      "Microsoft.Extensions.Primitives.dll": "sha256-eXvGx2jcjpTPEJoAHBsW\/VuMPbNyyU+AsuhPmkzSSRY=",
      "Microsoft.JSInterop.dll": "sha256-iSrG4aIfEw\/shiDFTk82\/yE+3T0mcwYqbjHC7vTJBYc=",
      "Microsoft.JSInterop.WebAssembly.dll": "sha256-bn\/jJGkSeaQbmqAl6uUM0y1joLrVEzldOc3y5mscYMk=",
      "Seminole.dll": "sha256-DTyTcHJogkS0IRDKixHoDUHbO2LrpO\/HJRuPQBnKU5g=",
      "System.Collections.Concurrent.dll": "sha256-TB8a9DDH1BlGrdHUHFmMGIQR5dUeFAC3pVVzX+Oaca8=",
      "System.Collections.dll": "sha256-651I9FfmomOXoqU9D0ZRJ07s0l+neSGzOGur0Ze+kLQ=",
      "System.ComponentModel.dll": "sha256-LQCRN10G7vx1ozdhuBeT72jLHw4bNOuR9B5zS7yx1mI=",
      "System.Linq.dll": "sha256-MvlcVptYEM4pbMCWj8W6iSirnKmp4NtltkbbHS2nCKA=",
      "System.Memory.dll": "sha256-LhiI20vyUzSAGjy2\/hiMrS1kcBvV8BG2dFRk+3V68tw=",
      "System.Net.Http.dll": "sha256-Ciz9aQcVqFIdwXqkKlE1KWPrqVMvskXUSwY\/RR3rbEU=",
      "System.Net.Http.Json.dll": "sha256-hrZFryr9YtN7S81Y64wNJC6mw9IajhDtgy8\/ttIkVbE=",
      "System.Net.Primitives.dll": "sha256-zwh46bFUd9k8FWyuNx0gWSeXfjIWMippkeUsVGvgveo=",
      "System.Private.CoreLib.dll": "sha256-Pcs7Tgbi2VvifV0ApwqQ7BkgNstcyliISeuo3TXt12I=",
      "System.Private.Uri.dll": "sha256-MT7VTI+pTYw+aCJw+DrzJV87IRqPXaAVeJk4J8B96XY=",
      "System.Runtime.dll": "sha256-FN6UBeKjvcJaJBT3VZBIBdvwfILuNQqfABSrGqllzgU=",
      "System.Runtime.InteropServices.JavaScript.dll": "sha256-tZilycoPYNq7NcXu5AO6gBctLAR+J5zld\/vYf8FSIHw=",
      "System.Text.Encodings.Web.dll": "sha256-NXJcycwPkccUFCNu0n2sxP9gtjPyjOXALuj6i9hcekw=",
      "System.Text.Json.dll": "sha256-rSUFc1f1BZgac2ti3wix0VZ8Y3MFfx4srjheK\/+Nzvw="
    },
    "extensions": null,
    "lazyAssembly": null,
    "libraryInitializers": null,
    "pdb": null,
    "runtime": {
      "dotnet.7.0.1.5fkv49jkg5.js": "sha256-jjax3FMRXzFAziWowdtJf6vipP2xXAaA5gD6VBYB6Y0=",
      "dotnet.timezones.blat": "sha256-6Aw0ALXLw\/A0vGcC5uG5GnFafYpL\/iHHLo22LyOR+TA=",
      "dotnet.wasm": "sha256-Oxa1EqglhbokFBgIlQ\/Lf4Btg4+I+RdxbMV39OEOUxE=",
      "icudt_CJK.dat": "sha256-SZLtQnRc0JkwqHab0VUVP7T3uBPSeYzxzDnpxPpUnHk=",
      "icudt_EFIGS.dat": "sha256-l7NtS3cI+3VUoQ2XQvlzMb8x4Ow1BtnOJNLWc6bifW0=",
      "icudt_no_CJK.dat": "sha256-SNAStZO8ryN4gEbGzRYHea+b+VMpFMMNWXKTM3Y1gH4=",
      "icudt.dat": "sha256-DXO3tJHXDOV4qgW\/w8ooggAgZdAVpa5ZllYYAQWpYIk="
    },
    "runtimeAssets": {
      "dotnet.wasm": {
        "behavior": "dotnetwasm",
        "hash": "sha256-Oxa1EqglhbokFBgIlQ\/Lf4Btg4+I+RdxbMV39OEOUxE="
      }
    },
    "satelliteResources": null
  }
}